名字,電話號碼
Libya Cosmetics Offline,9876 0001
Canada Vegetables Online,9876 0002
Libya Baby Food Offline,9876 0003
Japan Cereal Offline,9876 0004
Chad Fruits Offline,9876 0005
Armenia Cereal Online,9876 0006
Eritrea Cereal Online,9876 0007
Montenegro Clothes Offline,9876 0008
Jamaica Vegetables Online,9876 0009
Fiji Vegetables Offline,9876 0010
Togo Clothes Online,9876 0011
Montenegro Snacks Offline,9876 0012
Greece Household Online,9876 0013
Sudan Cosmetics Online,9876 0014
Maldives Fruits Offline,9876 0015
Montenegro Clothes Offline,9876 0016
Estonia Office Supplies Online,9876 0017
Greenland Beverages Online,9876 0018
Cape Verde Clothes Online,9876 0019
Senegal Household Offline,9876 0020
Federated States of Micronesia Snacks Online,9876 0021
Bulgaria Clothes Online,9876 0022
Algeria Personal Care Online,9876 0023
Mongolia Clothes Online,9876 0024
Grenada Cereal Online,9876 0025
Grenada Beverages Online,9876 0026
Senegal Beverages Offline,9876 0027
Greenland Fruits Offline,9876 0028
Chad Meat Offline,9876 0029
Mauritius  Personal Care Online,9876 0030
Morocco Beverages Offline,9876 0031
Honduras Office Supplies Online,9876 0032
Benin Fruits Online,9876 0033
Greece Baby Food Offline,9876 0034
Jamaica Beverages Offline,9876 0035
Equatorial Guinea Office Supplies Online,9876 0036
Swaziland Office Supplies Offline,9876 0037
Trinidad and Tobago Vegetables Offline,9876 0038
Sweden Baby Food Online,9876 0039
Belarus Office Supplies Online,9876 0040
Guinea-Bissau Office Supplies Offline,9876 0041
Mongolia Beverages Online,9876 0042
Turkey Meat Online,9876 0043
Central African Republic Snacks Offline,9876 0044
Equatorial Guinea Office Supplies Offline,9876 0045
Laos Beverages Online,9876 0046
Armenia Meat Online,9876 0047
Greece Household Online,9876 0048
Israel Personal Care Offline,9876 0049
Bhutan Meat Online,9876 0050
Vanuatu Vegetables Online,9876 0051
Burundi Vegetables Online,9876 0052
Ukraine Cosmetics Online,9876 0053
Croatia Beverages Online,9876 0054
Madagascar Fruits Online,9876 0055
Malaysia Snacks Offline,9876 0056
Uzbekistan Office Supplies Offline,9876 0057
Italy Office Supplies Online,9876 0058
Nepal Vegetables Offline,9876 0059
Fiji Personal Care Offline,9876 0060
Portugal Office Supplies Online,9876 0061
Panama Cosmetics Offline,9876 0062
Belarus Beverages Offline,9876 0063
Botswana Clothes Offline,9876 0064
Tanzania Personal Care Online,9876 0065
Romania Office Supplies Offline,9876 0066
Mali Cereal Online,9876 0067
Central African Republic Office Supplies Offline,9876 0068
Niger Baby Food Online,9876 0069
Austria Office Supplies Online,9876 0070
India Fruits Online,9876 0071
Luxembourg Baby Food Offline,9876 0072
Cape Verde Beverages Offline,9876 0073
Sweden Vegetables Offline,9876 0074
Iceland Meat Offline,9876 0075
Qatar Personal Care Offline,9876 0076
South Sudan Meat Online,9876 0077
United Kingdom Office Supplies Online,9876 0078
Tunisia  Cereal Online,9876 0079
United States of America Office Supplies Online,9876 0080
Liberia Cereal Online,9876 0081
Eritrea Snacks Offline,9876 0082
South Korea Fruits Offline,9876 0083
Kenya Clothes Offline,9876 0084
Rwanda Snacks Online,9876 0085
Cuba Beverages Offline,9876 0086
Libya Cereal Offline,9876 0087
Czech Republic Snacks Online,9876 0088
Montenegro Beverages Offline,9876 0089
Montenegro Clothes Offline,9876 0090
Philippines Baby Food Online,9876 0091
El Salvador Clothes Offline,9876 0092
Tonga Household Online,9876 0093
Democratic Republic of the Congo Personal Care Offline,9876 0094
Afghanistan Cereal Online,9876 0095
Tuvalu Snacks Offline,9876 0096
Sudan Fruits Online,9876 0097
Niger Clothes Online,9876 0098
Gabon Household Offline,9876 0099
East Timor Vegetables Offline,9876 0100
United States of America Clothes Offline,9876 0101
Jordan Vegetables Offline,9876 0102
Cyprus Snacks Offline,9876 0103
Malawi Vegetables Online,9876 0104
Iceland Personal Care Online,9876 0105
Israel Personal Care Online,9876 0106
United Arab Emirates Snacks Offline,9876 0107
China Cosmetics Offline,9876 0108
Kenya Beverages Online,9876 0109
Somalia Clothes Offline,9876 0110
Tonga Beverages Offline,9876 0111
Bangladesh Baby Food Online,9876 0112
Egypt Beverages Offline,9876 0113
Eritrea Cereal Offline,9876 0114
Swaziland Office Supplies Online,9876 0115
Vietnam Baby Food Online,9876 0116
Marshall Islands Snacks Online,9876 0117
Taiwan Household Online,9876 0118
Ireland Vegetables Online,9876 0119
Rwanda Meat Offline,9876 0120
Sweden Snacks Online,9876 0121
Gabon Snacks Offline,9876 0122
South Africa Baby Food Online,9876 0123
United Kingdom Clothes Offline,9876 0124
Albania Fruits Offline,9876 0125
Malaysia Snacks Offline,9876 0126
Ghana Household Offline,9876 0127
Cuba Clothes Offline,9876 0128
Saint Lucia Cosmetics Online,9876 0129
Romania Snacks Offline,9876 0130
Portugal Office Supplies Online,9876 0131
Macedonia Beverages Online,9876 0132
China Beverages Offline,9876 0133
Germany Baby Food Online,9876 0134
Ireland Household Online,9876 0135
Poland Office Supplies Offline,9876 0136
Namibia Household Online,9876 0137
Uzbekistan Personal Care Offline,9876 0138
Zimbabwe Meat Online,9876 0139
Mongolia Meat Offline,9876 0140
Norway Personal Care Online,9876 0141
Oman Snacks Offline,9876 0142
Serbia Cosmetics Online,9876 0143
Democratic Republic of the Congo Fruits Offline,9876 0144
Bulgaria Baby Food Online,9876 0145
Brunei Baby Food Online,9876 0146
Serbia Snacks Offline,9876 0147
Ghana Cereal Offline,9876 0148
Malawi Cereal Offline,9876 0149
Zimbabwe Fruits Offline,9876 0150
Cyprus Snacks Offline,9876 0151
Nicaragua Cereal Online,9876 0152
Estonia Baby Food Offline,9876 0153
Estonia Clothes Online,9876 0154
Lithuania Fruits Offline,9876 0155
Republic of the Congo Meat Offline,9876 0156
Czech Republic Baby Food Online,9876 0157
Cameroon Snacks Online,9876 0158
Vietnam Office Supplies Online,9876 0159
Moldova  Meat Offline,9876 0160
Bahrain Office Supplies Offline,9876 0161
Hungary Household Online,9876 0162
Marshall Islands Personal Care Offline,9876 0163
Iraq Office Supplies Online,9876 0164
Albania Vegetables Online,9876 0165
Lesotho Office Supplies Online,9876 0166
Lebanon Clothes Offline,9876 0167
Hungary Vegetables Online,9876 0168
Japan Beverages Online,9876 0169
Georgia Office Supplies Offline,9876 0170
Estonia Office Supplies Online,9876 0171
Luxembourg Household Online,9876 0172
Swaziland Personal Care Online,9876 0173
Romania Clothes Offline,9876 0174
Ethiopia Personal Care Offline,9876 0175
Chad Office Supplies Offline,9876 0176
Morocco Office Supplies Online,9876 0177
Mexico Clothes Online,9876 0178
Nigeria Personal Care Offline,9876 0179
Trinidad and Tobago Beverages Offline,9876 0180
Moldova  Personal Care Offline,9876 0181
Solomon Islands Personal Care Online,9876 0182
India Personal Care Online,9876 0183
Burkina Faso Office Supplies Offline,9876 0184
Kiribati Meat Online,9876 0185
Israel Meat Offline,9876 0186
Comoros Snacks Offline,9876 0187
Iran Baby Food Offline,9876 0188
Vietnam Cosmetics Offline,9876 0189
Belize Household Online,9876 0190
Belarus Personal Care Offline,9876 0191
United States of America Baby Food Offline,9876 0192
Poland Beverages Online,9876 0193
Canada Vegetables Offline,9876 0194
Israel Beverages Offline,9876 0195
Lebanon Household Online,9876 0196
Andorra Baby Food Online,9876 0197
Slovakia Clothes Online,9876 0198
Liberia Fruits Online,9876 0199
Antigua and Barbuda  Cereal Offline,9876 0200
China Personal Care Online,9876 0201
Niger Baby Food Online,9876 0202
United Kingdom Household Offline,9876 0203
Bangladesh Personal Care Offline,9876 0204
Myanmar Snacks Online,9876 0205
Tonga Meat Offline,9876 0206
Guinea-Bissau Vegetables Online,9876 0207
Nauru Vegetables Offline,9876 0208
Swaziland Cereal Online,9876 0209
Finland Vegetables Online,9876 0210
Papua New Guinea Household Offline,9876 0211
Mauritius  Personal Care Online,9876 0212
Mozambique Office Supplies Online,9876 0213
Bulgaria Clothes Online,9876 0214
Spain Household Online,9876 0215
Vanuatu Meat Online,9876 0216
Belgium Fruits Offline,9876 0217
Belgium Baby Food Offline,9876 0218
Guinea-Bissau Clothes Online,9876 0219
Togo Vegetables Online,9876 0220
Cote d'Ivoire Personal Care Offline,9876 0221
Republic of the Congo Fruits Offline,9876 0222
Libya Baby Food Offline,9876 0223
East Timor Vegetables Online,9876 0224
Switzerland Clothes Offline,9876 0225
Palau Snacks Offline,9876 0226
Jordan Household Online,9876 0227
Slovenia Household Online,9876 0228
South Korea Baby Food Online,9876 0229
Norway Clothes Online,9876 0230
Afghanistan Baby Food Online,9876 0231
Bangladesh Personal Care Online,9876 0232
Guinea Meat Offline,9876 0233
Cuba Office Supplies Offline,9876 0234
Russia Cosmetics Offline,9876 0235
Seychelles  Vegetables Offline,9876 0236
South Korea Office Supplies Offline,9876 0237
Ghana Baby Food Offline,9876 0238
Costa Rica Office Supplies Online,9876 0239
Romania Cereal Online,9876 0240
Czech Republic Cereal Online,9876 0241
Liechtenstein Household Offline,9876 0242
Seychelles  Baby Food Online,9876 0243
Somalia Baby Food Online,9876 0244
Solomon Islands Personal Care Offline,9876 0245
Uganda Clothes Offline,9876 0246
Equatorial Guinea Cereal Offline,9876 0247
Costa Rica Office Supplies Offline,9876 0248
Moldova  Fruits Offline,9876 0249
Burkina Faso Vegetables Online,9876 0250
Guatemala Beverages Offline,9876 0251
Swaziland Meat Online,9876 0252
Maldives Vegetables Online,9876 0253
Thailand Household Online,9876 0254
Sudan Household Online,9876 0255
Costa Rica Meat Offline,9876 0256
Denmark Beverages Online,9876 0257
Angola Cereal Offline,9876 0258
Papua New Guinea Household Online,9876 0259
North Korea Meat Online,9876 0260
El Salvador Fruits Online,9876 0261
Burkina Faso Household Online,9876 0262
Yemen Baby Food Online,9876 0263
Republic of the Congo Beverages Online,9876 0264
Andorra Household Online,9876 0265
Dominican Republic Household Offline,9876 0266
Israel Baby Food Offline,9876 0267
Solomon Islands Snacks Offline,9876 0268
Liberia Fruits Online,9876 0269
Mali Vegetables Online,9876 0270
Uzbekistan Clothes Online,9876 0271
Tunisia  Personal Care Offline,9876 0272
Vatican City Vegetables Online,9876 0273
Djibouti Snacks Offline,9876 0274
Ukraine Household Offline,9876 0275
East Timor Fruits Offline,9876 0276
Uganda Cereal Online,9876 0277
Guinea Meat Online,9876 0278
Equatorial Guinea Clothes Offline,9876 0279
Malta Cosmetics Online,9876 0280
Cyprus Household Offline,9876 0281
Czech Republic Office Supplies Online,9876 0282
Libya Vegetables Online,9876 0283
Vietnam Office Supplies Offline,9876 0284
Jordan Vegetables Online,9876 0285
Mali Beverages Offline,9876 0286
Czech Republic Household Online,9876 0287
Slovakia Vegetables Online,9876 0288
Zimbabwe Vegetables Offline,9876 0289
Honduras Cereal Online,9876 0290
Switzerland Beverages Offline,9876 0291
South Africa Cosmetics Offline,9876 0292
Uganda Beverages Online,9876 0293
Iran Vegetables Offline,9876 0294
Algeria Vegetables Online,9876 0295
Central African Republic Baby Food Online,9876 0296
The Bahamas Cosmetics Offline,9876 0297
South Africa Household Offline,9876 0298
Benin Cereal Online,9876 0299
Hungary Cosmetics Online,9876 0300
Austria Office Supplies Offline,9876 0301
Tajikistan Office Supplies Offline,9876 0302
Portugal Office Supplies Online,9876 0303
Belgium Beverages Offline,9876 0304
Slovenia Beverages Offline,9876 0305
Czech Republic Snacks Online,9876 0306
Marshall Islands Personal Care Offline,9876 0307
Sudan Fruits Online,9876 0308
Dominican Republic Clothes Online,9876 0309
Tanzania Cereal Offline,9876 0310
Switzerland Clothes Offline,9876 0311
Greenland Household Online,9876 0312
Tonga Fruits Offline,9876 0313
Saudi Arabia Vegetables Online,9876 0314
Belize Cosmetics Offline,9876 0315
Angola Cosmetics Online,9876 0316
Malaysia Household Online,9876 0317
Ethiopia Beverages Online,9876 0318
Greenland Baby Food Offline,9876 0319
Benin Cereal Offline,9876 0320
Yemen Cereal Offline,9876 0321
Rwanda Baby Food Offline,9876 0322
Mauritania Meat Offline,9876 0323
New Zealand Personal Care Online,9876 0324
Samoa  Clothes Offline,9876 0325
Fiji Clothes Online,9876 0326
Malawi Beverages Online,9876 0327
Marshall Islands Beverages Offline,9876 0328
Grenada Baby Food Online,9876 0329
Luxembourg Meat Online,9876 0330
Zimbabwe Meat Offline,9876 0331
China Vegetables Online,9876 0332
United States of America Beverages Online,9876 0333
Central African Republic Vegetables Online,9876 0334
Antigua and Barbuda  Vegetables Online,9876 0335
Guatemala Baby Food Offline,9876 0336
Qatar Clothes Offline,9876 0337
Israel Personal Care Online,9876 0338
Thailand Snacks Offline,9876 0339
Singapore Cereal Online,9876 0340
North Korea Snacks Online,9876 0341
Austria Office Supplies Online,9876 0342
Japan Baby Food Offline,9876 0343
Zimbabwe Beverages Offline,9876 0344
Lithuania Fruits Offline,9876 0345
Luxembourg Baby Food Offline,9876 0346
Central African Republic Cosmetics Offline,9876 0347
Norway Household Offline,9876 0348
Democratic Republic of the Congo Fruits Offline,9876 0349
New Zealand Household Offline,9876 0350
Ukraine Personal Care Offline,9876 0351
Taiwan Personal Care Offline,9876 0352
Italy Cereal Offline,9876 0353
Finland Personal Care Online,9876 0354
Sudan Office Supplies Online,9876 0355
Croatia Snacks Offline,9876 0356
Mauritania Beverages Online,9876 0357
New Zealand Baby Food Offline,9876 0358
Pakistan Beverages Online,9876 0359
Poland Household Online,9876 0360
Lithuania Cereal Offline,9876 0361
Pakistan Cereal Offline,9876 0362
East Timor Cosmetics Offline,9876 0363
Marshall Islands Fruits Online,9876 0364
Cuba Household Offline,9876 0365
Greenland Baby Food Offline,9876 0366
Luxembourg Personal Care Offline,9876 0367
Israel Beverages Online,9876 0368
Djibouti Baby Food Online,9876 0369
Bulgaria Cereal Online,9876 0370
Mongolia Vegetables Online,9876 0371
Dominican Republic Clothes Offline,9876 0372
Yemen Cosmetics Online,9876 0373
Federated States of Micronesia Personal Care Online,9876 0374
Finland Personal Care Online,9876 0375
The Bahamas Cereal Offline,9876 0376
Grenada Meat Online,9876 0377
Sao Tome and Principe Meat Offline,9876 0378
El Salvador Personal Care Offline,9876 0379
Sweden Baby Food Online,9876 0380
Turkmenistan Cosmetics Offline,9876 0381
Monaco Vegetables Online,9876 0382
Turkey Meat Online,9876 0383
Mozambique Beverages Online,9876 0384
Yemen Office Supplies Offline,9876 0385
Philippines Cereal Offline,9876 0386
Democratic Republic of the Congo Personal Care Offline,9876 0387
Fiji Snacks Online,9876 0388
Macedonia Office Supplies Offline,9876 0389
Tunisia  Cereal Online,9876 0390
Liechtenstein Cereal Offline,9876 0391
Qatar Cosmetics Online,9876 0392
Tonga Meat Offline,9876 0393
Belgium Meat Online,9876 0394
Chad Fruits Offline,9876 0395
Thailand Baby Food Online,9876 0396
Iceland Clothes Offline,9876 0397
Saint Lucia Meat Offline,9876 0398
Japan Cosmetics Offline,9876 0399
India Personal Care Offline,9876 0400
Vanuatu Office Supplies Online,9876 0401
Chad Meat Offline,9876 0402
Malawi Cosmetics Offline,9876 0403
Finland Cosmetics Online,9876 0404
Turkey Clothes Online,9876 0405
South Africa Meat Online,9876 0406
Lithuania Office Supplies Offline,9876 0407
Russia Beverages Offline,9876 0408
The Bahamas Baby Food Online,9876 0409
The Bahamas Snacks Online,9876 0410
Turkey Cosmetics Offline,9876 0411
Mauritius  Cosmetics Offline,9876 0412
Bulgaria Vegetables Online,9876 0413
Iran Household Offline,9876 0414
Ghana Household Online,9876 0415
Malawi Baby Food Online,9876 0416
Zimbabwe Baby Food Offline,9876 0417
Tajikistan Vegetables Online,9876 0418
Czech Republic Cereal Online,9876 0419
Mauritius  Household Online,9876 0420
Lesotho Fruits Online,9876 0421
Mali Beverages Online,9876 0422
Georgia Personal Care Online,9876 0423
Albania Office Supplies Offline,9876 0424
Cyprus Cosmetics Offline,9876 0425
Saint Kitts and Nevis  Household Offline,9876 0426
Tunisia  Meat Offline,9876 0427
Cuba Meat Online,9876 0428
Kiribati Cereal Offline,9876 0429
Cambodia Snacks Online,9876 0430
Moldova  Baby Food Online,9876 0431
Uzbekistan Cereal Offline,9876 0432
India Cosmetics Offline,9876 0433
Germany Personal Care Offline,9876 0434
Austria Vegetables Online,9876 0435
Germany Office Supplies Offline,9876 0436
Bhutan Clothes Online,9876 0437
Kyrgyzstan Fruits Online,9876 0438
Somalia Personal Care Online,9876 0439
Saint Lucia Household Online,9876 0440
Armenia Snacks Offline,9876 0441
Canada Beverages Online,9876 0442
Burundi Cosmetics Offline,9876 0443
Liechtenstein Cereal Online,9876 0444
Tunisia  Snacks Offline,9876 0445
Iraq Beverages Online,9876 0446
Indonesia Cosmetics Offline,9876 0447
Kazakhstan Beverages Online,9876 0448
Denmark Beverages Offline,9876 0449
Luxembourg Vegetables Offline,9876 0450
Cape Verde Snacks Offline,9876 0451
Palau Vegetables Offline,9876 0452
Australia Vegetables Online,9876 0453
Nicaragua Meat Offline,9876 0454
Laos Office Supplies Offline,9876 0455
Cuba Personal Care Online,9876 0456
Moldova  Cosmetics Offline,9876 0457
Syria Household Online,9876 0458
The Bahamas Cereal Offline,9876 0459
Belarus Snacks Offline,9876 0460
United Arab Emirates Clothes Offline,9876 0461
Angola Beverages Offline,9876 0462
Cuba Cosmetics Offline,9876 0463
Ukraine Office Supplies Online,9876 0464
Mozambique Fruits Offline,9876 0465
Armenia Personal Care Online,9876 0466
Greenland Clothes Online,9876 0467
Saint Kitts and Nevis  Office Supplies Online,9876 0468
Vatican City Beverages Offline,9876 0469
Ukraine Clothes Online,9876 0470
Niger Cereal Offline,9876 0471
Myanmar Cosmetics Online,9876 0472
Guinea Baby Food Offline,9876 0473
Guinea-Bissau Snacks Online,9876 0474
South Sudan Office Supplies Online,9876 0475
Turkey Snacks Offline,9876 0476
Palau Household Online,9876 0477
Poland Beverages Offline,9876 0478
Malaysia Beverages Offline,9876 0479
United States of America Personal Care Offline,9876 0480
Switzerland Cosmetics Online,9876 0481
Papua New Guinea Cosmetics Offline,9876 0482
Namibia Beverages Offline,9876 0483
Ireland Clothes Online,9876 0484
Mozambique Household Online,9876 0485
Democratic Republic of the Congo Baby Food Offline,9876 0486
United States of America Meat Online,9876 0487
Azerbaijan Office Supplies Offline,9876 0488
Belgium Office Supplies Offline,9876 0489
Taiwan Office Supplies Offline,9876 0490
Panama Baby Food Online,9876 0491
Andorra Beverages Offline,9876 0492
Georgia Household Offline,9876 0493
Barbados Snacks Online,9876 0494
Sweden Personal Care Offline,9876 0495
Algeria Meat Offline,9876 0496
Italy Personal Care Online,9876 0497
Russia Fruits Offline,9876 0498
Antigua and Barbuda  Office Supplies Offline,9876 0499
Jordan Fruits Online,9876 0500
Mali Meat Online,9876 0501
Somalia Cereal Offline,9876 0502
Kuwait Snacks Online,9876 0503
Liberia Office Supplies Offline,9876 0504
China Office Supplies Online,9876 0505
Andorra Meat Offline,9876 0506
Niger Beverages Online,9876 0507
Hungary Vegetables Offline,9876 0508
Monaco Clothes Offline,9876 0509
Tuvalu Household Online,9876 0510
South Sudan Baby Food Online,9876 0511
Cyprus Cereal Offline,9876 0512
Poland Household Offline,9876 0513
Liberia Snacks Online,9876 0514
Cote d'Ivoire Vegetables Online,9876 0515
Kyrgyzstan Beverages Online,9876 0516
Slovakia Vegetables Offline,9876 0517
Malaysia Cosmetics Offline,9876 0518
Liberia Beverages Online,9876 0519
Vanuatu Cosmetics Online,9876 0520
Kiribati Baby Food Offline,9876 0521
Turkey Baby Food Online,9876 0522
San Marino Fruits Offline,9876 0523
Vatican City Snacks Offline,9876 0524
Morocco Beverages Offline,9876 0525
Equatorial Guinea Meat Offline,9876 0526
Jordan Vegetables Online,9876 0527
Kyrgyzstan Vegetables Online,9876 0528
Republic of the Congo Fruits Online,9876 0529
East Timor Snacks Offline,9876 0530
Estonia Meat Offline,9876 0531
Bangladesh Snacks Online,9876 0532
Senegal Fruits Offline,9876 0533
Pakistan Fruits Offline,9876 0534
Czech Republic Beverages Online,9876 0535
Ghana Meat Offline,9876 0536
Japan Cosmetics Offline,9876 0537
Kazakhstan Baby Food Offline,9876 0538
The Bahamas Snacks Offline,9876 0539
Ethiopia Household Online,9876 0540
Burkina Faso Cosmetics Offline,9876 0541
Madagascar Fruits Offline,9876 0542
Netherlands Office Supplies Online,9876 0543
Greece Vegetables Online,9876 0544
Egypt Meat Online,9876 0545
South Sudan Fruits Online,9876 0546
Kosovo Baby Food Online,9876 0547
Brunei Beverages Online,9876 0548
Australia Vegetables Online,9876 0549
Cape Verde Fruits Offline,9876 0550
Malawi Household Offline,9876 0551
Philippines Personal Care Online,9876 0552
Estonia Beverages Online,9876 0553
Trinidad and Tobago Office Supplies Offline,9876 0554
Mongolia Household Online,9876 0555
Japan Personal Care Offline,9876 0556
Niger Meat Online,9876 0557
Egypt Baby Food Offline,9876 0558
Saint Lucia Vegetables Online,9876 0559
Qatar Cereal Offline,9876 0560
Mali Fruits Offline,9876 0561
Saint Lucia Cosmetics Online,9876 0562
Swaziland Clothes Offline,9876 0563
Mongolia Fruits Online,9876 0564
Botswana Office Supplies Online,9876 0565
San Marino Cosmetics Online,9876 0566
Oman Fruits Online,9876 0567
Bangladesh Office Supplies Offline,9876 0568
Namibia Cosmetics Offline,9876 0569
Mongolia Fruits Online,9876 0570
North Korea Beverages Online,9876 0571
Latvia Clothes Online,9876 0572
Burundi Snacks Offline,9876 0573
Seychelles  Personal Care Online,9876 0574
Kenya Cereal Online,9876 0575
Benin Office Supplies Online,9876 0576
Saint Lucia Personal Care Online,9876 0577
Qatar Meat Online,9876 0578
Mozambique Beverages Online,9876 0579
Pakistan Clothes Offline,9876 0580
Taiwan Personal Care Online,9876 0581
Cuba Cereal Offline,9876 0582
Cuba Household Offline,9876 0583
Russia Beverages Offline,9876 0584
Switzerland Cereal Offline,9876 0585
Czech Republic Personal Care Offline,9876 0586
Poland Meat Offline,9876 0587
Mauritius  Cereal Offline,9876 0588
Pakistan Vegetables Offline,9876 0589
South Africa Fruits Offline,9876 0590
Seychelles  Household Online,9876 0591
Benin Meat Offline,9876 0592
Benin Meat Offline,9876 0593
Nicaragua Fruits Online,9876 0594
Lebanon Office Supplies Online,9876 0595
Moldova  Meat Online,9876 0596
Tunisia  Snacks Online,9876 0597
Vanuatu Beverages Offline,9876 0598
South Sudan Beverages Online,9876 0599
Sweden Cereal Online,9876 0600
Ireland Meat Offline,9876 0601
Italy Vegetables Offline,9876 0602
Bosnia and Herzegovina Vegetables Online,9876 0603
Bosnia and Herzegovina Household Online,9876 0604
Poland Snacks Offline,9876 0605
Kuwait Snacks Online,9876 0606
Sudan Cereal Online,9876 0607
Saudi Arabia Vegetables Online,9876 0608
Swaziland Baby Food Offline,9876 0609
Rwanda Meat Offline,9876 0610
Cambodia Cosmetics Offline,9876 0611
Central African Republic Vegetables Online,9876 0612
Maldives Cosmetics Offline,9876 0613
Djibouti Household Offline,9876 0614
Tajikistan Beverages Online,9876 0615
Sri Lanka Baby Food Online,9876 0616
Montenegro Personal Care Online,9876 0617
United Arab Emirates Personal Care Online,9876 0618
Dominican Republic Personal Care Offline,9876 0619
Seychelles  Office Supplies Offline,9876 0620
Iceland Office Supplies Online,9876 0621
Nigeria Vegetables Offline,9876 0622
Rwanda Fruits Online,9876 0623
Hungary Snacks Offline,9876 0624
Belarus Baby Food Online,9876 0625
South Sudan Cosmetics Offline,9876 0626
Andorra Vegetables Online,9876 0627
Japan Meat Offline,9876 0628
El Salvador Meat Offline,9876 0629
Kenya Office Supplies Offline,9876 0630
Bosnia and Herzegovina Snacks Online,9876 0631
Andorra Personal Care Online,9876 0632
Cape Verde Cosmetics Online,9876 0633
Nauru Fruits Online,9876 0634
Czech Republic Cereal Offline,9876 0635
Serbia Vegetables Online,9876 0636
Tuvalu Cereal Offline,9876 0637
Madagascar Clothes Offline,9876 0638
Ethiopia Vegetables Online,9876 0639
Malaysia Baby Food Offline,9876 0640
Tanzania Household Offline,9876 0641
Cote d'Ivoire Vegetables Offline,9876 0642
Solomon Islands Clothes Offline,9876 0643
Netherlands Clothes Online,9876 0644
Mali Baby Food Offline,9876 0645
Afghanistan Cereal Offline,9876 0646
Moldova  Personal Care Online,9876 0647
Bhutan Snacks Online,9876 0648
Vietnam Vegetables Offline,9876 0649
Portugal Vegetables Online,9876 0650
Spain Baby Food Online,9876 0651
Egypt Meat Offline,9876 0652
Belgium Snacks Online,9876 0653
Malaysia Cosmetics Offline,9876 0654
Dominican Republic Cosmetics Offline,9876 0655
Estonia Beverages Offline,9876 0656
Burundi Snacks Offline,9876 0657
Latvia Beverages Online,9876 0658
Tajikistan Meat Offline,9876 0659
Zimbabwe Fruits Offline,9876 0660
Comoros Meat Offline,9876 0661
Namibia Clothes Online,9876 0662
Slovenia Cereal Offline,9876 0663
Bulgaria Snacks Offline,9876 0664
Guinea-Bissau Cereal Online,9876 0665
Lesotho Beverages Offline,9876 0666
Sri Lanka Cosmetics Offline,9876 0667
East Timor Snacks Online,9876 0668
Belarus Household Online,9876 0669
Benin Meat Offline,9876 0670
Ireland Beverages Offline,9876 0671
Iran Meat Offline,9876 0672
Benin Household Offline,9876 0673
South Sudan Beverages Online,9876 0674
Comoros Personal Care Online,9876 0675
Poland Baby Food Online,9876 0676
Bosnia and Herzegovina Cosmetics Offline,9876 0677
Namibia Vegetables Offline,9876 0678
Spain Office Supplies Offline,9876 0679
Iran Meat Online,9876 0680
Guatemala Office Supplies Offline,9876 0681
East Timor Beverages Online,9876 0682
Bahrain Household Online,9876 0683
Ethiopia Office Supplies Online,9876 0684
Solomon Islands Personal Care Offline,9876 0685
Belize Snacks Online,9876 0686
Sri Lanka Office Supplies Online,9876 0687
Costa Rica Clothes Offline,9876 0688
Nigeria Baby Food Online,9876 0689
Iran Office Supplies Online,9876 0690
Djibouti Baby Food Online,9876 0691
South Korea Snacks Online,9876 0692
Dominica Snacks Offline,9876 0693
Vietnam Snacks Online,9876 0694
Norway Personal Care Offline,9876 0695
Haiti Beverages Online,9876 0696
Jamaica Fruits Offline,9876 0697
Sudan Vegetables Offline,9876 0698
Angola Meat Offline,9876 0699
Panama Cosmetics Offline,9876 0700
Greece Personal Care Online,9876 0701
Madagascar Cereal Offline,9876 0702
Guinea-Bissau Clothes Online,9876 0703
Greenland Clothes Online,9876 0704
Libya Beverages Offline,9876 0705
Belarus Vegetables Offline,9876 0706
Lebanon Clothes Offline,9876 0707
Djibouti Baby Food Offline,9876 0708
Barbados Personal Care Online,9876 0709
Guinea-Bissau Vegetables Online,9876 0710
Finland Personal Care Offline,9876 0711
Haiti Baby Food Offline,9876 0712
Niger Clothes Offline,9876 0713
Trinidad and Tobago Fruits Offline,9876 0714
Grenada Personal Care Online,9876 0715
Dominican Republic Cereal Offline,9876 0716
Monaco Household Offline,9876 0717
Estonia Vegetables Online,9876 0718
Italy Beverages Offline,9876 0719
Malaysia Office Supplies Online,9876 0720
Ghana Office Supplies Offline,9876 0721
Pakistan Clothes Offline,9876 0722
Sri Lanka Snacks Offline,9876 0723
Romania Fruits Offline,9876 0724
Qatar Office Supplies Online,9876 0725
Cote d'Ivoire Clothes Online,9876 0726
Egypt Office Supplies Online,9876 0727
Iran Snacks Offline,9876 0728
Somalia Clothes Online,9876 0729
Syria Personal Care Offline,9876 0730
Solomon Islands Cereal Offline,9876 0731
Guatemala Fruits Online,9876 0732
Kuwait Clothes Offline,9876 0733
Jordan Meat Online,9876 0734
Marshall Islands Beverages Offline,9876 0735
Egypt Snacks Offline,9876 0736
Switzerland Meat Online,9876 0737
Samoa  Personal Care Online,9876 0738
Portugal Cosmetics Offline,9876 0739
Albania Clothes Offline,9876 0740
Dominica Vegetables Offline,9876 0741
Tuvalu Cosmetics Online,9876 0742
Marshall Islands Cereal Online,9876 0743
Bulgaria Fruits Online,9876 0744
Niger Office Supplies Offline,9876 0745
Saint Vincent and the Grenadines Office Supplies Offline,9876 0746
Malawi Beverages Offline,9876 0747
Cape Verde Personal Care Offline,9876 0748
Saint Vincent and the Grenadines Beverages Offline,9876 0749
Greece Personal Care Offline,9876 0750
Monaco Clothes Online,9876 0751
Nigeria Beverages Online,9876 0752
Norway Cosmetics Offline,9876 0753
Greenland Snacks Offline,9876 0754
Tunisia  Beverages Online,9876 0755
Uzbekistan Meat Offline,9876 0756
Saint Kitts and Nevis  Vegetables Online,9876 0757
Belize Meat Online,9876 0758
Angola Personal Care Online,9876 0759
Bhutan Meat Online,9876 0760
Honduras Personal Care Offline,9876 0761
South Sudan Household Offline,9876 0762
Kyrgyzstan Baby Food Online,9876 0763
Sao Tome and Principe Cosmetics Offline,9876 0764
Madagascar Fruits Online,9876 0765
Senegal Household Online,9876 0766
Sierra Leone Office Supplies Online,9876 0767
Malaysia Household Offline,9876 0768
Cuba Office Supplies Online,9876 0769
Zimbabwe Personal Care Offline,9876 0770
Serbia Beverages Online,9876 0771
Maldives Vegetables Offline,9876 0772
Ireland Office Supplies Offline,9876 0773
Romania Clothes Offline,9876 0774
Croatia Beverages Online,9876 0775
Albania Vegetables Offline,9876 0776
Dominican Republic Vegetables Offline,9876 0777
Zimbabwe Vegetables Online,9876 0778
Ghana Office Supplies Offline,9876 0779
Laos Beverages Online,9876 0780
Panama Personal Care Offline,9876 0781
Angola Household Online,9876 0782
Syria Snacks Offline,9876 0783
Sierra Leone Cosmetics Offline,9876 0784
Uganda Fruits Online,9876 0785
Taiwan Clothes Offline,9876 0786
Azerbaijan Vegetables Online,9876 0787
Maldives Office Supplies Online,9876 0788
Mauritania Meat Offline,9876 0789
Burundi Baby Food Online,9876 0790
Zambia Baby Food Offline,9876 0791
Singapore Beverages Offline,9876 0792
Ghana Household Online,9876 0793
Guinea Meat Offline,9876 0794
Zambia Fruits Online,9876 0795
Georgia Snacks Online,9876 0796
Bahrain Baby Food Online,9876 0797
Lesotho Personal Care Offline,9876 0798
Barbados Cosmetics Offline,9876 0799
Saudi Arabia Vegetables Online,9876 0800
Macedonia Personal Care Offline,9876 0801
Turkmenistan Office Supplies Offline,9876 0802
Albania Baby Food Online,9876 0803
Afghanistan Clothes Online,9876 0804
Kiribati Clothes Offline,9876 0805
Morocco Cosmetics Online,9876 0806
Norway Baby Food Offline,9876 0807
Sweden Cosmetics Online,9876 0808
Tajikistan Personal Care Online,9876 0809
Netherlands Cosmetics Online,9876 0810
Spain Vegetables Online,9876 0811
Chad Baby Food Offline,9876 0812
Ireland Meat Online,9876 0813
Pakistan Meat Online,9876 0814
Mozambique Fruits Online,9876 0815
Bahrain Fruits Online,9876 0816
Tajikistan Meat Online,9876 0817
New Zealand Meat Offline,9876 0818
Niger Baby Food Online,9876 0819
Armenia Fruits Online,9876 0820
Gabon Baby Food Online,9876 0821
Kyrgyzstan Vegetables Offline,9876 0822
Fiji Clothes Offline,9876 0823
Romania Cosmetics Online,9876 0824
Botswana Cereal Online,9876 0825
Fiji Cosmetics Online,9876 0826
Vatican City Clothes Offline,9876 0827
Thailand Vegetables Online,9876 0828
Belarus Cereal Offline,9876 0829
Solomon Islands Vegetables Offline,9876 0830
China Cosmetics Offline,9876 0831
Angola Snacks Online,9876 0832
Cambodia Cereal Online,9876 0833
Guatemala Baby Food Offline,9876 0834
Namibia Vegetables Online,9876 0835
Serbia Beverages Offline,9876 0836
Turkey Vegetables Offline,9876 0837
Pakistan Vegetables Offline,9876 0838
Georgia Vegetables Offline,9876 0839
Vanuatu Snacks Offline,9876 0840
Luxembourg Cosmetics Online,9876 0841
Saudi Arabia Household Online,9876 0842
Vanuatu Meat Offline,9876 0843
Haiti Snacks Offline,9876 0844
Tanzania Household Offline,9876 0845
North Korea Cosmetics Offline,9876 0846
Bahrain Beverages Online,9876 0847
Cote d'Ivoire Cereal Online,9876 0848
Singapore Cosmetics Offline,9876 0849
Malaysia Baby Food Offline,9876 0850
Albania Baby Food Online,9876 0851
Gabon Snacks Online,9876 0852
Poland Snacks Offline,9876 0853
Chad Office Supplies Online,9876 0854
Republic of the Congo Clothes Online,9876 0855
Philippines Fruits Offline,9876 0856
France Snacks Offline,9876 0857
Germany Household Offline,9876 0858
Uganda Personal Care Online,9876 0859
Bahrain Personal Care Online,9876 0860
Jordan Office Supplies Offline,9876 0861
Montenegro Beverages Offline,9876 0862
Tunisia  Personal Care Offline,9876 0863
Germany Cereal Offline,9876 0864
Italy Snacks Online,9876 0865
France Office Supplies Offline,9876 0866
Algeria Baby Food Online,9876 0867
Myanmar Beverages Online,9876 0868
France Vegetables Offline,9876 0869
Spain Vegetables Online,9876 0870
Cambodia Baby Food Offline,9876 0871
The Gambia Vegetables Online,9876 0872
Russia Baby Food Offline,9876 0873
Belarus Baby Food Offline,9876 0874
Turkey Beverages Online,9876 0875
Kenya Meat Offline,9876 0876
Iran Cosmetics Offline,9876 0877
Vietnam Personal Care Offline,9876 0878
Albania Beverages Online,9876 0879
Antigua and Barbuda  Clothes Offline,9876 0880
Senegal Cereal Offline,9876 0881
Netherlands Fruits Online,9876 0882
Russia Fruits Online,9876 0883
Slovakia Cosmetics Online,9876 0884
East Timor Beverages Offline,9876 0885
Haiti Vegetables Offline,9876 0886
Yemen Cereal Online,9876 0887
Tuvalu Cereal Online,9876 0888
Liberia Snacks Offline,9876 0889
North Korea Beverages Online,9876 0890
North Korea Household Online,9876 0891
Romania Household Online,9876 0892
Sao Tome and Principe Cereal Offline,9876 0893
Bahrain Fruits Online,9876 0894
Somalia Cosmetics Offline,9876 0895
Cyprus Cereal Online,9876 0896
United Kingdom Beverages Offline,9876 0897
Germany Personal Care Offline,9876 0898
Somalia Beverages Online,9876 0899
New Zealand Household Offline,9876 0900
Kuwait Meat Online,9876 0901
Japan Cosmetics Online,9876 0902
Norway Baby Food Offline,9876 0903
Lesotho Personal Care Offline,9876 0904
Belgium Cosmetics Online,9876 0905
Honduras Cosmetics Offline,9876 0906
Austria Household Offline,9876 0907
Oman Baby Food Online,9876 0908
Oman Baby Food Offline,9876 0909
Spain Snacks Offline,9876 0910
Afghanistan Fruits Online,9876 0911
Saint Vincent and the Grenadines Cosmetics Offline,9876 0912
Iceland Vegetables Online,9876 0913
Myanmar Vegetables Offline,9876 0914
Netherlands Snacks Offline,9876 0915
Slovakia Vegetables Online,9876 0916
Bahrain Fruits Offline,9876 0917
Lesotho Baby Food Online,9876 0918
Cuba Clothes Offline,9876 0919
Afghanistan Clothes Offline,9876 0920
Vanuatu Cereal Online,9876 0921
Bhutan Beverages Offline,9876 0922
Palau Cereal Offline,9876 0923
Indonesia Personal Care Online,9876 0924
Andorra Baby Food Offline,9876 0925
Algeria Office Supplies Online,9876 0926
Vanuatu Cosmetics Offline,9876 0927
Mexico Baby Food Online,9876 0928
Macedonia Fruits Offline,9876 0929
Panama Personal Care Online,9876 0930
Nepal Cereal Offline,9876 0931
Nepal Fruits Online,9876 0932
Mauritius  Cereal Offline,9876 0933
Sao Tome and Principe Clothes Online,9876 0934
Saint Vincent and the Grenadines Fruits Offline,9876 0935
Maldives Personal Care Online,9876 0936
Swaziland Personal Care Offline,9876 0937
Morocco Cereal Online,9876 0938
Maldives Clothes Offline,9876 0939
Zimbabwe Fruits Offline,9876 0940
India Cereal Online,9876 0941
Tajikistan Beverages Offline,9876 0942
Lesotho Snacks Offline,9876 0943
Bhutan Office Supplies Offline,9876 0944
Trinidad and Tobago Snacks Offline,9876 0945
Tuvalu Fruits Offline,9876 0946
Iraq Clothes Offline,9876 0947
The Gambia Vegetables Offline,9876 0948
Bahrain Beverages Online,9876 0949
Qatar Meat Online,9876 0950
Angola Household Offline,9876 0951
Costa Rica Cosmetics Online,9876 0952
Papua New Guinea Household Online,9876 0953
Qatar Clothes Offline,9876 0954
Saint Kitts and Nevis  Clothes Offline,9876 0955
Sierra Leone Fruits Offline,9876 0956
Russia Fruits Online,9876 0957
Lithuania Vegetables Offline,9876 0958
United Kingdom Vegetables Online,9876 0959
Indonesia Personal Care Offline,9876 0960
Mongolia Beverages Offline,9876 0961
Egypt Office Supplies Online,9876 0962
Comoros Household Online,9876 0963
Slovenia Household Offline,9876 0964
Lebanon Beverages Online,9876 0965
Australia Cosmetics Offline,9876 0966
Haiti Snacks Online,9876 0967
Saint Kitts and Nevis  Meat Online,9876 0968
Syria Vegetables Offline,9876 0969
Laos Snacks Offline,9876 0970
Saint Kitts and Nevis  Cereal Offline,9876 0971
Sudan Vegetables Offline,9876 0972
Guatemala Meat Offline,9876 0973
Brunei Clothes Offline,9876 0974
Jordan Clothes Online,9876 0975
Panama Meat Offline,9876 0976
Central African Republic Household Online,9876 0977
Bahrain Beverages Offline,9876 0978
Burundi Beverages Online,9876 0979
Austria Cereal Online,9876 0980
Fiji Beverages Offline,9876 0981
Fiji Clothes Offline,9876 0982
Switzerland Snacks Online,9876 0983
Yemen Office Supplies Offline,9876 0984
Comoros Personal Care Offline,9876 0985
Democratic Republic of the Congo Office Supplies Online,9876 0986
Mongolia Clothes Offline,9876 0987
Palau Household Offline,9876 0988
Monaco Snacks Offline,9876 0989
Fiji Cereal Online,9876 0990
Mali Beverages Online,9876 0991
Liberia Cereal Offline,9876 0992
Switzerland Beverages Offline,9876 0993
Samoa  Baby Food Online,9876 0994
Nepal Meat Offline,9876 0995
Azerbaijan Snacks Offline,9876 0996
Georgia Baby Food Offline,9876 0997
United Arab Emirates Vegetables Online,9876 0998
Finland Household Offline,9876 0999
Portugal Cereal Offline,9876 1000